metric,value,p_value
Pearson r,-0.30694557410453777,0.17592417020385137
Spearman r,-0.3836078769656733,0.08604190241430046
N_observations,21.0,
